{
  "prompt_v1_scores": {
    "faithfulness": 0.8934761904761903,
    "answer_relevancy": 0.8426663474004167,
    "context_recall": 1.0,
    "context_precision": 0.969999999919
  },
  "prompt_v2_scores": {
    "faithfulness": 0.7586285381285381,
    "answer_relevancy": 0.681689488827634,
    "context_recall": 1.0,
    "context_precision": 0.969999999919
  },
  "target_met": true,
  "best_faithfulness": 0.8934761904761903
}